{
  "variables": [
    {"name": "индикатор питания горит", "type": "boolean"},
    {"name": "питание подано", "type": "boolean"},
    {"name": "напряжение по линии +12В", "type": "float"},
    {"name": "напряжение по линии +5В", "type": "float"},
    {"name": "напряжение по линии +3.3В", "type": "float"},
    {"name": "напряжение питания", "type": "enum"},
    {"name": "сигнал PC Speaker", "type": "enum"},
    {"name": "инициализация пройдена", "type": "boolean"},
    {"name": "изображение присутствует", "type": "boolean"},
    {"name": "POST пройден", "type": "boolean"},
    {"name": "жесткий диск обнаружен", "type": "boolean"},
    {"name": "загрузка ОС", "type": "boolean"},
    {"name": "заставка ОС отображается", "type": "boolean"},
    {"name": "изображение на экране", "type": "enum"},
    {"name": "неисправность", "type": "enum"}
  ],
  "enumValues": {
    "напряжение питания": ["низкое", "нормальное"],
    "сигнал PC Speaker": ["отсутствует", "непрерывный", "1 длинный 2 которких", "1 короткий"],
    "изображение на экране": ["BSOD", "экран приветствия"],
    "неисправность": ["блок питания", "материнская плата", "центральный процессор", "видеокарта", "жесткий диск", "загрузчик", "ОС", "отстутствует"]
  },
  "rules": [
    {
      "conditions": [
        {"type": "eq", "variable": "индикатор питания горит", "value": "false"}
      ],
      "target": [
        {"variable": "питание подано", "value": "false"}
      ]
    },
    {
      "conditions": [
        {"type": "eq", "variable": "индикатор питания горит", "value": "true"}
      ],
      "target": [
        {"variable": "питание подано", "value": "true"}
      ]
    },
    {
      "conditions": [
        {"type": "eq", "variable": "питание подано", "value": "false"}
      ],
      "target": [
        {"variable": "неисправность", "value": "блок питания"}
      ]
    },
    {
      "conditions": [
        {"type": "eq", "variable": "питание подано", "value": "true"},
        {"type": "lt", "variable": "напряжение по линии +12В", "value": "11.8"}
      ],
      "target": [
        {"variable": "напряжение питания", "value": "низкое"}
      ]
    },
    {
      "conditions": [
        {"type": "eq", "variable": "питание подано", "value": "true"},
        {"type": "lt", "variable": "напряжение по линии +5В", "value": "4.8"}
      ],
      "target": [
        {"variable": "напряжение питания", "value": "низкое"}
      ]
    },
    {
      "conditions": [
        {"type": "eq", "variable": "питание подано", "value": "true"},
        {"type": "lt", "variable": "напряжение по линии +3.3В", "value": "3.1"}
      ],
      "target": [
        {"variable": "напряжение питания", "value": "низкое"}
      ]
    },
    {
      "conditions": [
        {"type": "eq", "variable": "питание подано", "value": "true"},
        {"type": "ge", "variable": "напряжение по линии +12В", "value": "11.8"},
        {"type": "ge", "variable": "напряжение по линии +5В", "value": "4.8"},
        {"type": "ge", "variable": "напряжение по линии +3.3В", "value": "3.1"}
      ],
      "target": [
        {"variable": "напряжение питания", "value": "нормальное"}
      ]
    },
    {
      "conditions": [
        {"type": "eq", "variable": "напряжение питания", "value": "низкое"}
      ],
      "target": [
        {"variable": "неисправность", "value": "блок питания"}
      ]
    },
    {
      "conditions": [
        {"type": "eq", "variable": "напряжение питания", "value": "нормальное"},
        {"type": "eq", "variable": "сигнал PC Speaker", "value": "отсутствует"}
      ],
      "target": [
        {"variable": "неисправность", "value": "материнская плата"}
      ]
    },
    {
      "conditions": [
        {"type": "eq", "variable": "сигнал PC Speaker", "value": "непрерывный"}
      ],
      "target": [
        {"variable": "неисправность", "value": "центральный процессор"}
      ]
    },
    {
      "conditions": [
        {"type": "eq", "variable": "сигнал PC Speaker", "value": "1 длинный 2 которких"}
      ],
      "target": [
        {"variable": "неисправность", "value": "видеокарта"}
      ]
    },
    {
      "conditions": [
        {"type": "eq", "variable": "сигнал PC Speaker", "value": "1 короткий"}
      ],
      "target": [
        {"variable": "инициализация пройдена", "value": "true"}
      ]
    },
    {
      "conditions": [
        {"type": "eq", "variable": "инициализация пройдена", "value": "true"},
        {"type": "eq", "variable": "изображение присутствует", "value": "false"}
      ],
      "target": [
        {"variable": "неисправность", "value": "видеокарта"}
      ]
    },
    {
      "conditions": [
        {"type": "eq", "variable": "инициализация пройдена", "value": "true"},
        {"type": "eq", "variable": "изображение присутствует", "value": "true"}
      ],
      "target": [
        {"variable": "POST пройден", "value": "true"}
      ]
    },
    {
      "conditions": [
        {"type": "eq", "variable": "POST пройден", "value": "true"},
        {"type": "eq", "variable": "жесткий диск обнаружен", "value": "false"}
      ],
      "target": [
        {"variable": "неисправность", "value": "жесткий диск"}
      ]
    },
    {
      "conditions": [
        {"type": "eq", "variable": "POST пройден", "value": "true"},
        {"type": "eq", "variable": "заставка ОС отображается", "value": "false"}
      ],
      "target": [
        {"variable": "загрузка ОС", "value": "false"}
      ]
    },
    {
      "conditions": [
        {"type": "eq", "variable": "POST пройден", "value": "true"},
        {"type": "eq", "variable": "заставка ОС отображается", "value": "true"}
      ],
      "target": [
        {"variable": "загрузка ОС", "value": "true"}
      ]
    },
    {
      "conditions": [
        {"type": "eq", "variable": "жесткий диск обнаружен", "value": "true"},
        {"type": "eq", "variable": "загрузка ОС", "value": "false"}
      ],
      "target": [
        {"variable": "неисправность", "value": "загрузчик"}
      ]
    },
    {
      "conditions": [
        {"type": "eq", "variable": "загрузка ОС", "value": "true"},
        {"type": "eq", "variable": "изображение на экране", "value": "BSOD"}
      ],
      "target": [
        {"variable": "неисправность", "value": "ОС"}
      ]
    },
    {
      "conditions": [
        {"type": "eq", "variable": "загрузка ОС", "value": "true"},
        {"type": "eq", "variable": "изображение на экране", "value": "экран приветствия"}
      ],
      "target": [
        {"variable": "неисправность", "value": "отстутствует"}
      ]
    }
  ]
}