{"name": "kernel", "ticks": -1, "bRAM": 327000, "dRAMLimit": 285000, "ioRate": 15}
{"name": "httpd", "ticks": -1, "bRAM": 56800, "dRAMLimit": 117300, "ioRate": 8}
{"name": "Firefox", "ticks": -1, "bRAM": 148500, "dRAMLimit": 570000, "ioRate": 10}
{"name": "Transmission", "ticks": 950000, "bRAM": 35200, "dRAMLimit": 58400, "ioRate": 4}
{"name": "Calculator", "ticks": 400000, "bRAM": 14800, "dRAMLimit": 5700, "ioRate": 0}
{"name": "MediaConverter", "ticks": 1280000, "bRAM": 216000, "dRAMLimit": 596000, "ioRate": 5}